User ID,Name,Contact Number,Email
1,Chetan Ghosh,+52 8531076937,Ghosh@gmail.com
25,Deo Sood,+52 9930467711,Sood@gmail.com
123,Bhavana Bhasin,+141 8650824968,Bhasin@gmail.com
125,Bhavani Mehra,+33 6076007482,Mehra@gmail.com
176,Akash Aggarwal,+52 6126928534,Aggarwal@gmail.com
217,Ananta-Sesa Raja,+44 6184122220,Raja@gmail.com
246,Chandra Setty,+62 8251887376,Setty@gmail.com
309,Mukul Sanghvi,+91 9951161547,Sanghvi@gmail.com
310,Dilipa Jaggi,+141 6664154046,Jaggi@gmail.com
433,Om Bobal,+20 9866425766,Bobal@gmail.com
466,Aparajita Korpal,+7 9665163055,Korpal@gmail.com
528,Brinda Loke,+31 8029531101,Loke@gmail.com
531,Chiranjivi Tandon,+141 6085810231,Tandon@gmail.com
564,Girish Narula,+31 7672090722,Narula@gmail.com
591,Keshava Aggarwal,+91 7336793128,Aggarwal@gmail.com
635,Mahavir Pradhan,+141 7083959906,Pradhan@gmail.com
709,Kanyâ-Koumari Lala,+141 9044218977,Lala@gmail.com
760,Chiranjivi Kumar,+62 7498391884,Kumar@gmail.com
771,Darshana Bera,+31 7240873652,Bera@gmail.com
832,Durga Ray,+32 7543867624,Ray@gmail.com
837,Chetana Bumb,+81 8788388521,Bumb@gmail.com
851,Om Nanda,+33 7523344770,Nanda@gmail.com
895,Nanda Devan,+91 7154001084,Devan@gmail.com
902,Ananda Lala,+1 7682630772,Lala@gmail.com
940,Jeetendra Tak,+52 6421393613,Tak@gmail.com
1012,Dipti Sahota,+62 9317031255,Sahota@gmail.com
1029,Meera Jani,+20 6450130531,Jani@gmail.com
1044,Dipti Sankar,+144 7337685989,Sankar@gmail.com
1045,Lavanya Master,+81 7960388972,Master@gmail.com
1052,Nil Lad,+52 8805760903,Lad@gmail.com
1142,Nithya Pathak,+1 7739354271,Pathak@gmail.com
1212,Jiva Deo,+141 9008955936,Deo@gmail.com
1245,Kishen Rajan,+44 9003174419,Rajan@gmail.com
1328,Chandan Madan,+33 9168887387,Madan@gmail.com
1343,Govind Nagy,+91 9997100132,Nagy@gmail.com
1351,Chander Dugal,+144 8885299865,Dugal@gmail.com
1402,Harish Lad,+61 8955720083,Lad@gmail.com
1406,Chitra Om,+52 9313999628,Om@gmail.com
1440,Anantee Goswami,+52 7176476003,Goswami@gmail.com
1453,Dipti Narain,+33 7029233411,Narain@gmail.com
1513,Nala Chahal,+52 6105508076,Chahal@gmail.com
1518,Cooldeepac Dasgupta,+52 7091335572,Dasgupta@gmail.com
1672,Dhananjay Yadav,+62 8658259073,Yadav@gmail.com
1685,Deepti Chad,+81 9541993245,Chad@gmail.com
1729,Kailash Matthai,+86 7190054072,Matthai@gmail.com
1740,Kadrivel Khatri,+7 9561991741,Khatri@gmail.com
1802,Ajeet Ganesh,+91 9303561128,Ganesh@gmail.com
1990,Gopala Jani,+91 7470429537,Jani@gmail.com
2036,Jyoti Vala,+20 9047769633,Vala@gmail.com
2072,Harsha Dasgupta,+52 7515329532,Dasgupta@gmail.com
2134,Avanti Chada,+62 9708247487,Chada@gmail.com
2162,Dipali Varughese,+52 8411760408,Varughese@gmail.com
2223,Kumaren Jain,+86 8750348829,Jain@gmail.com
2276,Ananta Aggarwal,+7 8929412963,Aggarwal@gmail.com
2295,Aravinda Dutt,+61 7322055472,Dutt@gmail.com
2304,Anandita Dara,+1 6237688852,Dara@gmail.com
2415,Lekha Baria,+141 9875015934,Baria@gmail.com
2416,Mandeep Chaudhuri,+141 7021401411,Chaudhuri@gmail.com
2453,Bhavani Chandra,+62 9705539592,Chandra@gmail.com
2561,Narinder Kar,+32 6397185008,Kar@gmail.com
2570,Nilima Jha,+31 7734937406,Jha@gmail.com
2574,Jivan Ahluwalia,+7 8723265834,Ahluwalia@gmail.com
2613,Mohan Patel,+7 6163695692,Patel@gmail.com
2681,Niraj Shenoy,+144 9281688242,Shenoy@gmail.com
2727,Jayani Dhingra,+20 8045950215,Dhingra@gmail.com
2807,Chatrapatty Divan,+61 7494214825,Divan@gmail.com
2878,Mohan Pant,+62 9161870107,Pant@gmail.com
2882,Kirti Acharya,+144 9156298229,Acharya@gmail.com
2891,Lallida Bhalla,+61 6164655974,Bhalla@gmail.com
2937,Mukul Doctor,+61 9518292307,Doctor@gmail.com
2948,Govinda Sawhney,+32 6839269874,Sawhney@gmail.com
2995,Lakshmana Gokhale,+81 6162756253,Gokhale@gmail.com
3056,Devaraja Mangal,+62 8785785288,Mangal@gmail.com
3075,Adita Raval,+1 7205495438,Raval@gmail.com
3076,Kevala Merchant,+144 7131443739,Merchant@gmail.com
3136,Nila Varma,+52 6221800245,Varma@gmail.com
3233,Abhilasha lastname,+81 8755350151,lastname@gmail.com
3321,Akash Dugar,+20 7181735231,Dugar@gmail.com
3376,Manju Gupta,+52 9053269527,Gupta@gmail.com
3412,Bakula Raja,+44 8091558946,Raja@gmail.com
3421,Jayashri Padmanabhan,+33 7011513994,Padmanabhan@gmail.com
3439,Amala Sidhu,+144 9806027885,Sidhu@gmail.com
3478,Kumara De,+86 7881015328,De@gmail.com
3515,Hari Soman,+7 6350842237,Soman@gmail.com
3571,Krishna Dhaliwal,+44 6993528320,Dhaliwal@gmail.com
3594,Chanemougam Tella,+7 7115721436,Tella@gmail.com
3598,Anand Sampath,+7 6907038552,Sampath@gmail.com
3643,Jaidev Karpe,+141 6006641113,Karpe@gmail.com
3673,Jitender Soni,+61 9398936815,Soni@gmail.com
3678,Chitra Memon,+44 8978562917,Memon@gmail.com
3712,Govind Tandon,+31 8665584671,Tandon@gmail.com
3717,Arjun Nazareth,+32 7987739850,Nazareth@gmail.com
3759,Kumaren Vora,+91 8720782582,Vora@gmail.com
3799,Durga Ravel,+141 9488985943,Ravel@gmail.com
3807,Dourgavati Palla,+52 9202779055,Palla@gmail.com
3830,Nandini Sagar,+91 9842174932,Sagar@gmail.com
3870,Kala Sant,+141 7597696241,Sant@gmail.com
3900,Brijesh Babu,+1 6796198064,Babu@gmail.com
3968,Madhurya Bava,+7 9777635517,Bava@gmail.com
4012,Jiva Chada,+141 9153044170,Chada@gmail.com
4058,Nalini Mukhopadhyay,+62 9753553077,Mukhopadhyay@gmail.com
4093,Lochan Banerjee,+62 6291883881,Banerjee@gmail.com
4128,Dev Kalla,+81 9832353745,Kalla@gmail.com
4201,Ashoka Sant,+1 6970729183,Sant@gmail.com
4286,Komathy Kaul,+44 8413503272,Kaul@gmail.com
4339,Ilanila Krish,+44 9612174414,Krish@gmail.com
4377,Bhaskar Dani,+31 7982422803,Dani@gmail.com
4391,Chandi Uppal,+86 9943732286,Uppal@gmail.com
4405,Kishan Pai,+1 6132088440,Pai@gmail.com
4437,Kshitija Shan,+1 9330331567,Shan@gmail.com
4478,Lakshmi Sundaram,+20 6106545585,Sundaram@gmail.com
4603,Mukul Mohan,+62 7737910944,Mohan@gmail.com
4682,Komathy Bahri,+144 8537895674,Bahri@gmail.com
4741,Karliaye Buch,+91 6451124546,Buch@gmail.com
4743,Kausalya Gopal,+144 6653395688,Gopal@gmail.com
4749,Karuna Yogi,+33 7674834245,Yogi@gmail.com
4756,Nisha Iyengar,+141 9025287319,Iyengar@gmail.com
4827,Djeyam Kar,+20 7158113854,Kar@gmail.com
4865,Maninder Kakar,+91 6979337624,Kakar@gmail.com
4887,Kamaradj Bava,+91 6974545475,Bava@gmail.com
4945,Archana Anand,+44 6798239998,Anand@gmail.com
5011,Baladeva Verma,+33 8875221843,Verma@gmail.com
5121,Kalidas Sem,+44 6934131501,Sem@gmail.com
5136,Mohana Batra,+20 9823738739,Batra@gmail.com
5177,Akanksha Keer,+81 6292217426,Keer@gmail.com
5186,Moryl Patil,+81 7626000351,Patil@gmail.com
5207,Jyoti Balay,+86 8646129233,Balay@gmail.com
5221,Gomati Rout,+32 9932434621,Rout@gmail.com
5253,Govinda Mathur,+141 8843536997,Mathur@gmail.com
5324,Ishwari Kata,+32 6969638655,Kata@gmail.com
5396,Kaur Natarajan,+141 9855929235,Natarajan@gmail.com
5407,Nil Sundaram,+86 9182340673,Sundaram@gmail.com
5441,Jaidev Tak,+86 8338526407,Tak@gmail.com
5543,Gayatri Karnik,+7 7161501015,Karnik@gmail.com
5544,Lavanya Ray,+62 6190863508,Ray@gmail.com
5562,Abhay Gill,+20 8644991761,Gill@gmail.com
5596,Govind Dasgupta,+7 6182185653,Dasgupta@gmail.com
5602,Jitender Dutta,+44 8742099618,Dutta@gmail.com
5667,Kaveri Chaudhry,+52 9488331226,Chaudhry@gmail.com
5682,Devdan Kant,+81 9312191506,Kant@gmail.com
5748,Devdas Sidhu,+52 6566656318,Sidhu@gmail.com
5782,Nithya Chakrabarti,+1 6822733058,Chakrabarti@gmail.com
5837,Chandrakant Munshi,+33 7750513172,Munshi@gmail.com
5841,Kumari Sethi,+91 8439080794,Sethi@gmail.com
5909,Mala Ramachandran,+81 7094875360,Ramachandran@gmail.com
5935,Kishore Kant,+86 6284179996,Kant@gmail.com
5948,Nataraj Oak,+52 6003764109,Oak@gmail.com
6001,Jyotsana Som,+44 7739714253,Som@gmail.com
6050,Lakshmi Uppal,+52 8465565752,Uppal@gmail.com
6059,Lekha Nagy,+33 6457265939,Nagy@gmail.com
6142,Daya Rege,+91 8233043616,Rege@gmail.com
6181,Dipika Murty,+1 9495387503,Murty@gmail.com
6233,Duleep Jha,+1 8884438745,Jha@gmail.com
6245,Lavanya Palla,+86 6379107151,Palla@gmail.com
6250,Arjuna Ghose,+44 9521819713,Ghose@gmail.com
6257,Indu Bedi,+1 7499066720,Bedi@gmail.com
6261,Avanti Mitter,+81 7472117532,Mitter@gmail.com
6283,Ananden D’Alia,+62 9642364915,D’Alia@gmail.com
6295,Darshan Srinivasan,+1 8932468119,Srinivasan@gmail.com
6318,Damodar Bhasin,+86 7227744966,Bhasin@gmail.com
6327,Kamala Mehrotra,+144 8793436720,Mehrotra@gmail.com
6357,Dilip Rau,+52 7592095137,Rau@gmail.com
6404,Kanta Deshpande,+62 8408637690,Deshpande@gmail.com
6457,Govinda Mitter,+62 9806370610,Mitter@gmail.com
6497,Malini Soni,+7 7035501287,Soni@gmail.com
6605,Nitika Ratti,+144 9010541125,Ratti@gmail.com
6715,Mohana Balasubramanian,+81 7105686345,Balasubramanian@gmail.com
6892,Kesavane Kaur,+32 9084667728,Kaur@gmail.com
6912,Candravali Kari,+61 6179464387,Kari@gmail.com
7005,Baldev Kari,+62 8518739318,Kari@gmail.com
7019,Djagarajen Chadha,+141 7303843869,Chadha@gmail.com
7079,Dev Rama,+31 8059455230,Rama@gmail.com
7108,Manickam Kurian,+52 8636358847,Kurian@gmail.com
7129,Arundhati Dey,+31 9886537903,Dey@gmail.com
7165,Amrit Trivedi,+91 6087744472,Trivedi@gmail.com
7250,Hamsa Saini,+44 6324871652,Saini@gmail.com
7352,Mandeep Pathak,+32 7528125177,Pathak@gmail.com
7426,Damodara Agrawal,+33 8863307250,Agrawal@gmail.com
7431,Kaveri Nagar,+81 7658205725,Nagar@gmail.com
7446,Arya Rastogi,+33 7852287896,Rastogi@gmail.com
7488,Kanaman Dada,+32 6789978335,Dada@gmail.com
7495,Adita Sagar,+33 6036238395,Sagar@gmail.com
7514,Jayanta Datta,+91 7565486008,Datta@gmail.com
7712,Jayanta Bansal,+81 6723595149,Bansal@gmail.com
7787,Laïli Comar,+141 9262070167,Comar@gmail.com
7793,Chandra Goel,+20 8394053370,Goel@gmail.com
7822,Anuja Grover,+81 6903426485,Grover@gmail.com
7873,Inderpal Din,+31 6227487460,Din@gmail.com
7881,Lochan Kanda,+7 9849481728,Kanda@gmail.com
7938,Lilavati Bhardwaj,+33 8425619081,Bhardwaj@gmail.com
7987,Devaki Vora,+1 6155540771,Vora@gmail.com
8070,Kamini Seshadri,+141 7241775491,Seshadri@gmail.com
8132,Jayashri Shan,+20 6505945564,Shan@gmail.com
8233,Kesaven Vig,+81 7221613967,Vig@gmail.com
8360,Ishvara Goyal,+86 9901922884,Goyal@gmail.com
8402,Naveen Bahri,+141 7752843343,Bahri@gmail.com
8405,Govind Mahajan,+86 9657102966,Mahajan@gmail.com
8427,Mukesha Samra,+141 6801383854,Samra@gmail.com
8439,Jitinder Sarraf,+33 9889969554,Sarraf@gmail.com
8527,Kali Kothari,+62 7954608030,Kothari@gmail.com
8534,Jayant Gandhi,+81 6877242205,Gandhi@gmail.com
8614,Dhananjay Narula,+33 7258022740,Narula@gmail.com
8650,Kanyâ-Koumari Dubey,+141 9349364818,Dubey@gmail.com
8727,Anantee Wable,+141 9687635126,Wable@gmail.com
8780,Lilavati Mann,+44 7394406205,Mann@gmail.com
8783,Bharata Krishnan,+1 9016345961,Krishnan@gmail.com
8786,Leela Badal,+1 6269275930,Badal@gmail.com
8789,Jitinder Purohit,+33 9984237014,Purohit@gmail.com
8890,﻿firstname Ramachandran,+141 7633905260,Ramachandran@gmail.com
8920,Navin Kumer,+141 8900529979,Kumer@gmail.com
8932,Govind Babu,+33 9104518187,Babu@gmail.com
8970,Arundhati Bhardwaj,+52 9704693966,Bhardwaj@gmail.com
9094,Mohini Varughese,+44 7750183525,Varughese@gmail.com
9119,Harshad Kakar,+32 6174542891,Kakar@gmail.com
9120,Gopinatha Parikh,+144 9008819087,Parikh@gmail.com
9224,Ananta Parikh,+81 8543823703,Parikh@gmail.com
9256,Mahavir Hayre,+141 9795852647,Hayre@gmail.com
9284,Dipa Mall,+62 7289694940,Mall@gmail.com
9381,Nirav Sur,+86 9660688723,Sur@gmail.com
9384,Adhita Bhatia,+33 9643612187,Bhatia@gmail.com
9596,Gomati Rajagopal,+31 9096033690,Rajagopal@gmail.com
9697,Kesavane Mangal,+91 8102389632,Mangal@gmail.com
9699,Anantha Deshmukh,+81 9809406585,Deshmukh@gmail.com
9710,Nandita Jha,+81 6456825768,Jha@gmail.com
9729,Harshad Borra,+33 7526938286,Borra@gmail.com
9797,Gayatri Garde,+32 6075664231,Garde@gmail.com
9847,Naveen Walla,+33 9677047950,Walla@gmail.com
9907,Amala Mishra,+1 7631807146,Mishra@gmail.com
9949,Kamini Divan,+144 7997304346,Divan@gmail.com
9958,Chandraradj Jain,+141 7801278676,Jain@gmail.com
9967,Anjali De,+32 9970372217,De@gmail.com
9970,Deva Venkatesh,+33 6142081300,Venkatesh@gmail.com
9971,Jagannatha Bhavsar,+20 9847330427,Bhavsar@gmail.com
9984,Maya Date,+144 7534085734,Date@gmail.com
10061,Aditi Sachdeva,+31 8876560798,Sachdeva@gmail.com
10091,Anupam Ray,+52 9754310241,Ray@gmail.com
10127,Arun Prabhakar,+32 9934404182,Prabhakar@gmail.com
10128,Kalidasa Palla,+52 6951194651,Palla@gmail.com
10142,Kishan Shetty,+31 9615484464,Shetty@gmail.com
10157,Kariyamna Bahl,+7 7577968585,Bahl@gmail.com
10319,Jagannatha Kakar,+141 7756775822,Kakar@gmail.com
10379,Koumari Mangat,+20 9034697689,Mangat@gmail.com
10476,Adhita Gola,+61 6277732122,Gola@gmail.com
10507,Jeetendra Borah,+62 9719517452,Borah@gmail.com
10521,Jayendra Kashyap,+81 6266042919,Kashyap@gmail.com
10556,Minali Nori,+61 8435935170,Nori@gmail.com
10562,Krishna Lall,+44 6098155989,Lall@gmail.com
10573,Nitya Balay,+86 9230711366,Balay@gmail.com
10660,Chandi Sanghvi,+61 7812355271,Sanghvi@gmail.com
10669,Krishnin Dhaliwal,+86 8541131810,Dhaliwal@gmail.com
10675,Lallida Prasad,+1 8930243968,Prasad@gmail.com
10702,Ananth Samra,+91 7549783264,Samra@gmail.com
10722,Drupada Rama,+20 7909843081,Rama@gmail.com
10766,Ashoka Cheema,+62 7216904808,Cheema@gmail.com
10833,Kunti Dutta,+20 9533352141,Dutta@gmail.com
10841,Kamala Ranganathan,+62 9032618169,Ranganathan@gmail.com
10870,Durga Bhatia,+144 7415085835,Bhatia@gmail.com
10968,Divya Ratti,+44 7989616849,Ratti@gmail.com
11013,Mridula Chahal,+20 6425498896,Chahal@gmail.com
11039,Manickam Loke,+144 9967281679,Loke@gmail.com
11176,Djeyam Shah,+52 7738096032,Shah@gmail.com
